{"cameraMode":{"drawMode":0,"name":"Shaded","section":"Shading Mode"},"sceneLighting":false,"audioPlay":false,"sceneViewState":{"showFog":true,"showMaterialUpdate":false,"showSkybox":true,"showFlares":true,"showImageEffects":true,"showParticleSystems":true},"in2DMode":false,"pivot":{"x":1.4299999475479127,"y":1.0678200721740723,"z":1.500000238418579},"rotation":{"x":0.24564070999622346,"y":-0.5256420969963074,"z":0.16172370314598084,"w":0.7982984781265259},"size":1.73222815990448,"orthographic":false}