{"cameraMode":{"drawMode":0,"name":"Shaded","section":"Shading Mode"},"sceneLighting":false,"audioPlay":false,"sceneViewState":{"showFog":false,"showMaterialUpdate":false,"showSkybox":false,"showFlares":false,"showImageEffects":false,"showParticleSystems":false},"in2DMode":false,"pivot":{"x":-8.29587459564209,"y":-16.399999618530275,"z":-395.6522216796875},"rotation":{"x":0.28611528873443606,"y":-0.11890445649623871,"z":0.03580659627914429,"w":0.9501151442527771},"size":14.289420127868653,"orthographic":false}