{"cameraMode":{"drawMode":0,"name":"Shaded","section":"Shading Mode"},"sceneLighting":false,"audioPlay":false,"sceneViewState":{"showFog":false,"showMaterialUpdate":false,"showSkybox":false,"showFlares":false,"showImageEffects":false,"showParticleSystems":false},"in2DMode":false,"pivot":{"x":0.0003076791763305664,"y":0.3209819495677948,"z":-500.7271728515625},"rotation":{"x":0.07520142942667008,"y":-0.9050862789154053,"z":0.1801738739013672,"w":0.3777633011341095},"size":56.72439956665039,"orthographic":false}