{"cameraMode":{"drawMode":0,"name":"Shaded","section":"Shading Mode"},"sceneLighting":false,"audioPlay":false,"sceneViewState":{"showFog":false,"showMaterialUpdate":false,"showSkybox":false,"showFlares":false,"showImageEffects":false,"showParticleSystems":false},"in2DMode":false,"pivot":{"x":-28.392366409301759,"y":-48.51213073730469,"z":-422.7079772949219},"rotation":{"x":0.28611528873443606,"y":-0.11890445649623871,"z":0.03580659627914429,"w":0.9501151442527771},"size":157.32618713378907,"orthographic":false}