{"cameraMode":{"drawMode":0,"name":"Shaded","section":"Shading Mode"},"sceneLighting":false,"audioPlay":false,"sceneViewState":{"showFog":false,"showMaterialUpdate":false,"showSkybox":false,"showFlares":false,"showImageEffects":false,"showParticleSystems":false},"in2DMode":false,"pivot":{"x":-13.485325813293457,"y":-1.2113037109375,"z":-528.1792602539063},"rotation":{"x":0.080103300511837,"y":-0.8954930305480957,"z":0.17966066300868989,"w":0.39925509691238406},"size":4.0416579246521,"orthographic":false}