{"cameraMode":{"drawMode":0,"name":"Shaded","section":"Shading Mode"},"sceneLighting":false,"audioPlay":false,"sceneViewState":{"showFog":false,"showMaterialUpdate":false,"showSkybox":false,"showFlares":false,"showImageEffects":false,"showParticleSystems":false},"in2DMode":false,"pivot":{"x":-2.497142791748047,"y":0.3209819793701172,"z":-397.1349792480469},"rotation":{"x":0.07520142942667008,"y":-0.9050862789154053,"z":0.1801738739013672,"w":0.3777633011341095},"size":9.053132057189942,"orthographic":false}